Date,GOOG,AAPL,FB
2018-04-02,1006.469970703125,40.20307159423828,155.38999938964844
2018-04-03,1013.4099731445312,40.61552047729492,156.11000061035156
2018-04-04,1025.1400146484375,41.39217758178711,155.10000610351562
2018-04-05,1027.81005859375,41.679203033447266,159.33999633789062
2018-04-06,1007.0399780273438,40.61310577392578,157.1999969482422
2018-04-09,1015.4500122070312,41.015907287597656,157.92999267578125
2018-04-10,1031.6400146484375,41.787750244140625,165.0399932861328
2018-04-11,1019.969970703125,41.592369079589844,166.32000732421875
2018-04-12,1032.510009765625,42.00241470336914,163.8699951171875
2018-04-13,1029.27001953125,42.14472198486328,164.52000427246094
2018-04-16,1037.97998046875,42.40762710571289,164.8300018310547
2018-04-17,1074.1600341796875,42.9913215637207,168.66000366210938
2018-04-18,1072.0799560546875,42.89484405517578,166.36000061035156
2018-04-19,1087.699951171875,41.679203033447266,168.10000610351562
2018-04-20,1072.9599609375,39.97152328491211,166.27999877929688
2018-04-23,1067.449951171875,39.85573959350586,165.83999633789062
2018-04-24,1019.97998046875,39.30098342895508,159.69000244140625
2018-04-25,1021.1799926757812,39.47222900390625,159.69000244140625
2018-04-26,1040.0400390625,39.60972213745117,174.16000366210938
2018-04-27,1030.050048828125,39.15144348144531,173.58999633789062
2018-04-30,1017.3300170898438,39.860565185546875,172.0
2018-05-01,1037.31005859375,40.78676986694336,173.86000061035156
2018-05-02,1024.3800048828125,42.588531494140625,176.07000732421875
2018-05-03,1023.719970703125,42.665706634521484,174.02000427246094
2018-05-04,1048.2099609375,44.33962631225586,176.61000061035156
2018-05-07,1054.7900390625,44.660423278808594,177.97000122070312
2018-05-08,1053.9100341796875,44.87510299682617,178.9199981689453
2018-05-09,1082.760009765625,45.19106674194336,182.66000366210938
2018-05-10,1097.5699462890625,45.83747482299805,185.52999877929688
2018-05-11,1098.260009765625,45.663143157958984,186.99000549316406
2018-05-14,1100.199951171875,45.55660629272461,186.63999938964844
2018-05-15,1079.22998046875,45.1425666809082,184.32000732421875
2018-05-16,1081.77001953125,45.563873291015625,183.1999969482422
2018-05-17,1078.5899658203125,45.27573776245117,183.75999450683594
2018-05-18,1066.3599853515625,45.11109161376953,182.67999267578125
2018-05-21,1079.5799560546875,45.43070602416992,184.49000549316406
2018-05-22,1069.72998046875,45.3169059753418,183.8000030517578
2018-05-23,1079.68994140625,45.607460021972656,186.89999389648438
2018-05-24,1079.239990234375,45.55660629272461,185.92999267578125
2018-05-25,1075.6600341796875,45.660728454589844,184.9199981689453
2018-05-29,1060.3199462890625,45.49606704711914,185.74000549316406
2018-05-30,1067.800048828125,45.39921569824219,187.6699981689453
2018-05-31,1084.989990234375,45.24667739868164,191.77999877929688
2018-06-01,1119.5,46.06266784667969,193.99000549316406
2018-06-04,1139.2900390625,46.4476432800293,193.27999877929688
2018-06-05,1139.6600341796875,46.805992126464844,192.94000244140625
2018-06-06,1136.8800048828125,46.96821975708008,191.33999633789062
2018-06-07,1123.8599853515625,46.842308044433594,188.17999267578125
2018-06-08,1120.8699951171875,46.41617202758789,189.10000610351562
2018-06-11,1129.989990234375,46.302371978759766,191.5399932861328
2018-06-12,1139.3199462890625,46.55659866333008,192.39999389648438
2018-06-13,1134.7900390625,46.174034118652344,192.41000366210938
2018-06-14,1152.1199951171875,46.19824981689453,196.80999755859375
2018-06-15,1152.260009765625,45.72367477416992,195.85000610351562
2018-06-18,1173.4599609375,45.69945526123047,198.30999755859375
2018-06-19,1168.06005859375,44.960968017578125,197.49000549316406
2018-06-20,1169.8399658203125,45.15709686279297,202.0
2018-06-21,1157.6600341796875,44.90528869628906,201.5
2018-06-22,1155.47998046875,44.77452850341797,201.74000549316406
2018-06-25,1124.81005859375,44.10867691040039,196.35000610351562
2018-06-26,1118.4599609375,44.6558837890625,199.0
2018-06-27,1103.97998046875,44.59050750732422,195.83999633789062
2018-06-28,1114.219970703125,44.91497039794922,196.22999572753906
2018-06-29,1115.6500244140625,44.82053756713867,194.32000732421875
2018-07-02,1127.4599609375,45.32175064086914,197.36000061035156
2018-07-03,1102.8900146484375,44.53240203857422,192.72999572753906
2018-07-05,1124.27001953125,44.8907470703125,198.4499969482422
2018-07-06,1140.1700439453125,45.513023376464844,203.22999572753906
2018-07-09,1154.050048828125,46.14497756958008,204.74000549316406
2018-07-10,1152.8399658203125,46.08929443359375,203.5399932861328
2018-07-11,1153.9000244140625,45.491233825683594,202.5399932861328
2018-07-12,1183.47998046875,46.25394058227539,206.9199981689453
2018-07-13,1188.8199462890625,46.32658386230469,207.32000732421875
2018-07-16,1183.8599853515625,46.22488784790039,207.22999572753906
2018-07-17,1198.800048828125,46.35564041137695,209.99000549316406
2018-07-18,1195.8800048828125,46.10139846801758,209.36000061035156
2018-07-19,1186.9599609375,46.45975112915039,208.08999633789062
2018-07-20,1184.9100341796875,46.353214263916016,209.94000244140625
2018-07-23,1205.5,46.39436721801758,210.91000366210938
2018-07-24,1248.0799560546875,46.73093032836914,214.6699981689453
2018-07-25,1263.699951171875,47.17160415649414,217.5
2018-07-26,1268.3299560546875,47.023902893066406,176.25999450683594
2018-07-27,1238.5,46.2418327331543,174.88999938964844
2018-07-30,1219.739990234375,45.982749938964844,171.05999755859375
2018-07-31,1217.260009765625,46.07476043701172,172.5800018310547
2018-08-01,1220.010009765625,48.78902816772461,171.64999389648438
2018-08-02,1226.1500244140625,50.215171813964844,176.3699951171875
2018-08-03,1223.7099609375,50.36044692993164,177.77999877929688
2018-08-06,1224.77001953125,50.62195587158203,185.69000244140625
2018-08-07,1242.219970703125,50.14737319946289,183.80999755859375
2018-08-08,1245.6099853515625,50.181278228759766,185.17999267578125
2018-08-09,1249.0999755859375,50.57594299316406,183.08999633789062
2018-08-10,1237.6099853515625,50.425296783447266,180.25999450683594
2018-08-13,1235.010009765625,50.750892639160156,180.0500030517578
2018-08-14,1242.0999755859375,50.964717864990234,181.11000061035156
2018-08-15,1214.3800048828125,51.08377456665039,179.52999877929688
2018-08-16,1206.489990234375,51.83214569091797,174.6999969482422
2018-08-17,1200.9599609375,52.86723709106445,173.8000030517578
2018-08-20,1207.77001953125,52.352115631103516,172.5
2018-08-21,1201.6199951171875,52.25006103515625,172.6199951171875
2018-08-22,1207.3299560546875,52.25249481201172,173.63999938964844
2018-08-23,1205.3800048828125,52.359405517578125,172.89999389648438
2018-08-24,1220.6500244140625,52.52220916748047,174.64999389648438
2018-08-27,1241.8199462890625,52.954708099365234,177.4600067138672
2018-08-28,1231.1500244140625,53.382347106933594,176.25999450683594
2018-08-29,1249.300048828125,54.17931365966797,175.89999389648438
2018-08-30,1239.1199951171875,54.67742156982422,177.63999938964844
2018-08-31,1218.18994140625,55.309165954589844,175.72999572753906
2018-09-04,1197.0,55.486541748046875,171.16000366210938
2018-09-05,1186.47998046875,55.12450408935547,167.17999267578125
2018-09-06,1171.43994140625,54.208473205566406,162.52999877929688
2018-09-07,1164.8299560546875,53.771114349365234,163.0399932861328
2018-09-10,1164.6400146484375,53.049461364746094,164.17999267578125
2018-09-11,1177.3599853515625,54.390708923339844,165.94000244140625
2018-09-12,1162.8199462890625,53.71522903442383,162.0
2018-09-13,1175.3299560546875,55.01272964477539,161.36000061035156
2018-09-14,1172.530029296875,54.38827896118164,162.32000732421875
2018-09-17,1156.050048828125,52.94013214111328,160.5800018310547
2018-09-18,1161.219970703125,53.02759552001953,160.3000030517578
2018-09-19,1171.0899658203125,53.05918884277344,163.05999755859375
2018-09-20,1186.8699951171875,53.462528228759766,166.02000427246094
2018-09-21,1166.0899658203125,52.88667297363281,162.92999267578125
2018-09-24,1173.3699951171875,53.64719009399414,165.41000366210938
2018-09-25,1184.6500244140625,53.987361907958984,164.91000366210938
2018-09-26,1180.489990234375,53.55729675292969,166.9499969482422
2018-09-27,1194.6400146484375,54.65797805786133,168.83999633789062
2018-09-28,1193.469970703125,54.849937438964844,164.4600067138672
2018-10-01,1195.31005859375,55.219261169433594,162.44000244140625
2018-10-02,1200.1099853515625,55.710079193115234,159.3300018310547
2018-10-03,1202.949951171875,56.38798522949219,162.42999267578125
2018-10-04,1168.18994140625,55.39664077758789,158.85000610351562
2018-10-05,1157.3499755859375,54.49761962890625,157.3300018310547
2018-10-08,1148.969970703125,54.37127685546875,157.25
2018-10-09,1138.8199462890625,55.12450408935547,157.89999389648438
2018-10-10,1081.219970703125,52.570804595947266,151.3800048828125
2018-10-11,1079.3199462890625,52.106712341308594,153.35000610351562
2018-10-12,1110.0799560546875,53.967926025390625,153.74000549316406
2018-10-15,1092.25,52.813777923583984,153.52000427246094
2018-10-16,1121.280029296875,53.97764587402344,158.77999877929688
2018-10-17,1115.68994140625,53.744380950927734,159.4199981689453
2018-10-18,1087.969970703125,52.48818588256836,154.9199981689453
2018-10-19,1096.4599609375,53.28758239746094,154.0500030517578
2018-10-22,1101.1600341796875,53.613182067871094,154.77999877929688
2018-10-23,1103.68994140625,54.118568420410156,154.38999938964844
2018-10-24,1050.7099609375,52.26221466064453,146.0399932861328
2018-10-25,1095.5699462890625,53.40664291381836,150.9499969482422
2018-10-26,1071.469970703125,52.556217193603516,145.3699951171875
2018-10-29,1020.0800170898438,51.569732666015625,142.08999633789062
2018-10-30,1036.2099609375,51.8272819519043,146.22000122070312
2018-10-31,1076.77001953125,53.17824935913086,151.7899932861328
2018-11-01,1070.0,53.99465560913086,151.75
2018-11-02,1057.7900390625,50.41315841674805,150.35000610351562
2018-11-05,1040.0899658203125,48.98200225830078,148.67999267578125
2018-11-06,1055.81005859375,49.51169967651367,149.94000244140625
2018-11-07,1093.3900146484375,51.013309478759766,151.52999877929688
2018-11-08,1082.4000244140625,50.83531951904297,147.8699951171875
2018-11-09,1066.1500244140625,49.85513687133789,144.9600067138672
2018-11-12,1038.6300048828125,47.34372329711914,141.5500030517578
2018-11-13,1036.050048828125,46.870704650878906,142.16000366210938
2018-11-14,1043.6600341796875,45.54672622680664,144.22000122070312
2018-11-15,1064.7099609375,46.67076873779297,143.85000610351562
2018-11-16,1061.489990234375,47.18767547607422,139.52999877929688
2018-11-19,1020.0,45.31753158569336,131.5500030517578
2018-11-20,1025.760009765625,43.152347564697266,132.42999267578125
2018-11-21,1037.6099853515625,43.10358810424805,134.82000732421875
2018-11-23,1023.8800048828125,42.008811950683594,131.72999572753906
2018-11-26,1048.6199951171875,42.57692337036133,136.3800048828125
2018-11-27,1044.4100341796875,42.48426818847656,135.0
2018-11-28,1086.22998046875,44.11790466308594,136.75999450683594
2018-11-29,1088.300048828125,43.77899169921875,138.67999267578125
2018-11-30,1094.4300537109375,43.54248046875,140.61000061035156
2018-12-03,1106.4300537109375,45.06394958496094,141.08999633789062
2018-12-04,1050.8199462890625,43.08164596557617,137.92999267578125
2018-12-06,1068.72998046875,42.60131072998047,139.6300048828125
2018-12-07,1036.5799560546875,41.082271575927734,137.4199981689453
2018-12-10,1039.550048828125,41.3529167175293,141.85000610351562
2018-12-11,1051.75,41.11640548706055,142.0800018310547
2018-12-12,1063.6800537109375,41.23100662231445,144.5
2018-12-13,1061.9000244140625,41.68208312988281,145.00999450683594
2018-12-14,1042.0999755859375,40.348350524902344,144.05999755859375
2018-12-17,1016.530029296875,39.972862243652344,140.19000244140625
2018-12-18,1028.7099609375,40.492210388183594,143.66000366210938
2018-12-19,1023.010009765625,39.229183197021484,133.24000549316406
2018-12-20,1009.4099731445312,38.239253997802734,133.39999389648438
2018-12-21,979.5399780273438,36.75191116333008,124.94999694824219
2018-12-24,976.219970703125,35.800994873046875,124.05999755859375
2018-12-26,1039.4599609375,38.3221549987793,134.17999267578125
2018-12-27,1043.8800048828125,38.073455810546875,134.52000427246094
2018-12-28,1037.0799560546875,38.092960357666016,133.1999969482422
2018-12-31,1035.6099853515625,38.46113967895508,131.08999633789062
2019-01-02,1045.8499755859375,38.50502395629883,135.67999267578125
2019-01-03,1016.0599975585938,34.669639587402344,131.74000549316406
2019-01-04,1070.7099609375,36.149662017822266,137.9499969482422
2019-01-07,1068.3900146484375,36.0692024230957,138.0500030517578
2019-01-08,1076.280029296875,36.75679397583008,142.52999877929688
2019-01-09,1074.6600341796875,37.380985260009766,144.22999572753906
2019-01-10,1070.3299560546875,37.500465393066406,144.1999969482422
2019-01-11,1057.18994140625,37.13228988647461,143.8000030517578
2019-01-14,1044.68994140625,36.57392120361328,145.38999938964844
2019-01-15,1077.1500244140625,37.322471618652344,148.9499969482422
2019-01-16,1080.969970703125,37.77842330932617,147.5399932861328
2019-01-17,1089.9000244140625,38.00273895263672,148.3000030517578
2019-01-18,1098.260009765625,38.236812591552734,150.0399932861328
2019-01-22,1070.52001953125,37.37855529785156,147.57000732421875
2019-01-23,1075.5699462890625,37.52972412109375,144.3000030517578
2019-01-24,1073.9000244140625,37.23225402832031,145.8300018310547
2019-01-25,1090.989990234375,38.466007232666016,149.00999450683594
2019-01-28,1070.0799560546875,38.11002731323242,147.47000122070312
2019-01-29,1060.6199951171875,37.715030670166016,144.19000244140625
2019-01-30,1089.06005859375,40.292266845703125,150.4199981689453
2019-01-31,1116.3699951171875,40.582427978515625,166.69000244140625
2019-02-01,1110.75,40.60193634033203,165.7100067138672
2019-02-04,1132.800048828125,41.755226135253906,169.25
2019-02-05,1145.989990234375,42.469642639160156,171.16000366210938
2019-02-06,1115.22998046875,42.48426818847656,170.49000549316406
2019-02-07,1098.7099609375,41.67964553833008,166.3800048828125
2019-02-08,1095.06005859375,41.728614807128906,167.3300018310547
2019-02-11,1095.010009765625,41.48863983154297,165.7899932861328
2019-02-12,1121.3699951171875,41.846160888671875,165.0399932861328
2019-02-13,1120.1600341796875,41.67229461669922,164.07000732421875
2019-02-14,1121.6700439453125,41.824119567871094,163.9499969482422
2019-02-15,1113.6500244140625,41.73106002807617,162.5
2019-02-19,1118.56005859375,41.855953216552734,162.2899932861328
2019-02-20,1113.800048828125,42.12531280517578,162.55999755859375
2019-02-21,1096.969970703125,41.88778305053711,160.0399932861328
2019-02-22,1110.3699951171875,42.35549545288086,161.88999938964844
2019-02-25,1109.4000244140625,42.66402816772461,164.6199951171875
2019-02-26,1115.1300048828125,42.68851089477539,164.1300048828125
2019-02-27,1116.050048828125,42.82074737548828,162.80999755859375
2019-02-28,1119.9200439453125,42.39957046508789,161.4499969482422
2019-03-01,1140.989990234375,42.84523391723633,162.27999877929688
2019-03-04,1147.800048828125,43.06071853637695,167.3699951171875
2019-03-05,1162.030029296875,42.982357025146484,171.25999450683594
2019-03-06,1157.8599853515625,42.735042572021484,172.50999450683594
2019-03-07,1143.300048828125,42.24039840698242,169.1300048828125
2019-03-08,1142.3199462890625,42.340797424316406,169.60000610351562
2019-03-11,1175.760009765625,43.807579040527344,172.07000732421875
2019-03-12,1193.199951171875,44.299774169921875,171.9199981689453
2019-03-13,1193.3199462890625,44.49566650390625,173.3699951171875
2019-03-14,1185.550048828125,44.99030303955078,170.1699981689453
2019-03-15,1184.4599609375,45.5755500793457,165.97999572753906
2019-03-18,1184.260009765625,46.04081726074219,160.47000122070312
2019-03-19,1198.8499755859375,45.67595291137695,161.57000732421875
2019-03-20,1223.969970703125,46.075096130371094,165.44000244140625
2019-03-21,1231.5400390625,47.772056579589844,166.0800018310547
2019-03-22,1205.5,46.782772064208984,164.33999633789062
2019-03-25,1193.0,46.21711349487305,166.2899932861328
2019-03-26,1184.6199951171875,45.739620208740234,167.67999267578125
2019-03-27,1173.02001953125,46.151004791259766,165.8699951171875
2019-03-28,1168.489990234375,46.21221923828125,165.5500030517578
2019-03-29,1173.31005859375,46.5134162902832,166.69000244140625
2019-04-01,1194.4300537109375,46.82930374145508,168.6999969482422
2019-04-02,1200.489990234375,47.51003646850586,174.1999969482422
2019-04-03,1205.9200439453125,47.835731506347656,173.5399932861328
2019-04-04,1215.0,47.91897201538086,176.02000427246094
2019-04-05,1207.1500244140625,48.2397575378418,175.72000122070312
2019-04-08,1203.8399658203125,48.998870849609375,174.92999267578125
2019-04-09,1197.25,48.8519401550293,177.5800018310547
2019-04-10,1202.1600341796875,49.12619400024414,177.82000732421875
2019-04-11,1204.6199951171875,48.717262268066406,177.50999450683594
2019-04-12,1217.8699951171875,48.69766616821289,179.10000610351562
2019-04-15,1221.0999755859375,48.78582000732422,179.64999389648438
2019-04-16,1227.1300048828125,48.79072189331055,178.8699951171875
2019-04-17,1236.3399658203125,49.74082565307617,178.77999877929688
2019-04-18,1236.3699951171875,49.919586181640625,178.27999877929688
2019-04-22,1248.8399658203125,50.08364486694336,181.44000244140625
2019-04-23,1264.550048828125,50.806026458740234,183.77999877929688
2019-04-24,1256.0,50.727664947509766,182.5800018310547
2019-04-25,1263.449951171875,50.26729965209961,193.25999450683594
2019-04-26,1272.1800537109375,50.02732467651367,191.49000549316406
2019-04-29,1287.5799560546875,50.10323715209961,194.77999877929688
2019-04-30,1188.47998046875,49.1384391784668,193.39999389648438
2019-05-01,1168.0799560546875,51.5504264831543,193.02999877929688
2019-05-02,1162.6099853515625,51.21495056152344,192.52999877929688
2019-05-03,1185.4000244140625,51.851619720458984,195.47000122070312
2019-05-06,1189.3900146484375,51.0508918762207,193.8800048828125
2019-05-07,1174.0999755859375,49.67470932006836,189.77000427246094
2019-05-08,1166.27001953125,49.68449783325195,189.5399932861328
2019-05-09,1162.3800048828125,49.15068435668945,188.64999389648438
2019-05-10,1164.27001953125,48.469783782958984,188.33999633789062
2019-05-13,1132.030029296875,45.652740478515625,181.5399932861328
2019-05-14,1120.43994140625,46.37543487548828,180.72999572753906
2019-05-15,1164.2099609375,46.930973052978516,186.27000427246094
2019-05-16,1178.97998046875,46.724491119384766,186.99000549316406
2019-05-17,1162.300048828125,46.45901107788086,185.3000030517578
2019-05-20,1138.8499755859375,45.006248474121094,182.72000122070312
2019-05-21,1149.6300048828125,45.869056701660156,184.82000732421875
2019-05-22,1151.4200439453125,44.93004608154297,185.32000732421875
2019-05-23,1140.77001953125,44.16310119628906,180.8699951171875
2019-05-24,1133.469970703125,43.99348831176758,181.05999755859375
2019-05-28,1134.1500244140625,43.81158447265625,184.30999755859375
2019-05-29,1116.4599609375,43.60264205932617,182.19000244140625
2019-05-30,1117.949951171875,43.828792572021484,183.00999450683594
2019-05-31,1103.6300048828125,43.03481674194336,177.47000122070312
2019-06-03,1036.22998046875,42.5997200012207,164.14999389648438
2019-06-04,1053.050048828125,44.15818405151367,167.5
2019-06-05,1042.219970703125,44.87104415893555,168.1699981689453
2019-06-06,1044.3399658203125,45.52982711791992,168.3300018310547
2019-06-07,1066.0400390625,46.74169921875,173.35000610351562
2019-06-10,1080.3800048828125,47.33903121948242,174.82000732421875
2019-06-11,1078.719970703125,47.8871955871582,178.10000610351562
2019-06-12,1077.030029296875,47.73478698730469,175.0399932861328
2019-06-13,1088.77001953125,47.72495651245117,177.47000122070312
2019-06-14,1085.3499755859375,47.37836837768555,181.3300018310547
2019-06-17,1092.5,47.66104507446289,189.00999450683594
2019-06-18,1103.5999755859375,48.78196716308594,188.47000122070312
2019-06-19,1102.3299560546875,48.63938903808594,187.47999572753906
2019-06-20,1111.4200439453125,49.030235290527344,189.52999877929688
2019-06-21,1121.8800048828125,48.86307907104492,191.13999938964844
2019-06-24,1115.52001953125,48.81391906738281,192.60000610351562
2019-06-25,1086.3499755859375,48.07402038574219,188.83999633789062
2019-06-26,1079.800048828125,49.11381149291992,187.66000366210938
2019-06-27,1076.010009765625,49.099063873291016,189.5
2019-06-28,1080.9100341796875,48.65167999267578,193.0
2019-07-01,1097.949951171875,49.543983459472656,193.0
2019-07-02,1111.25,49.834049224853516,195.0
2019-07-03,1121.5799560546875,50.24702072143555,197.1999969482422
2019-07-05,1131.5899658203125,50.20277404785156,196.39999389648438
2019-07-08,1116.3499755859375,49.16789245605469,195.75999450683594
2019-07-09,1124.8299560546875,49.4677848815918,199.2100067138672
2019-07-10,1140.47998046875,49.95695495605469,202.72999572753906
2019-07-11,1144.2099609375,49.59315490722656,201.22999572753906
2019-07-12,1144.9000244140625,49.97416305541992,204.8699951171875
2019-07-15,1150.3399658203125,50.44367980957031,203.91000366210938
2019-07-16,1153.5799560546875,50.269142150878906,203.83999633789062
2019-07-17,1146.3499755859375,49.9864616394043,201.8000030517578
2019-07-18,1146.3299560546875,50.554290771484375,200.77999877929688
2019-07-19,1130.0999755859375,49.79964065551758,198.36000061035156
2019-07-22,1138.0699462890625,50.9377555847168,202.32000732421875
2019-07-23,1146.2099609375,51.335975646972656,202.36000061035156
2019-07-24,1137.81005859375,51.294189453125,204.66000366210938
2019-07-25,1132.1199951171875,50.88859939575195,200.7100067138672
2019-07-26,1250.4100341796875,51.06558609008789,199.75
2019-07-29,1239.4100341796875,51.54246139526367,195.94000244140625
2019-07-30,1225.1400146484375,51.321231842041016,197.0399932861328
2019-07-31,1216.6800537109375,52.3683967590332,194.22999572753906
2019-08-01,1209.010009765625,51.235191345214844,192.72999572753906
2019-08-02,1193.989990234375,50.15115737915039,189.02000427246094
2019-08-05,1152.3199462890625,47.52585220336914,181.72999572753906
2019-08-06,1169.949951171875,48.42552947998047,184.50999450683594
2019-08-07,1173.989990234375,48.92699432373047,185.14999389648438
2019-08-08,1204.800048828125,50.00612258911133,190.16000366210938
2019-08-09,1188.010009765625,49.594051361083984,187.85000610351562
2019-08-12,1174.7099609375,49.46820831298828,185.3699951171875
2019-08-13,1197.27001953125,51.563106536865234,188.4499969482422
2019-08-14,1164.2900390625,50.02832794189453,179.7100067138672
2019-08-15,1167.260009765625,49.779109954833984,182.58999633789062
2019-08-16,1177.5999755859375,50.953636169433594,183.6999969482422
2019-08-19,1198.449951171875,51.90362548828125,186.1699981689453
2019-08-20,1182.68994140625,51.906089782714844,183.80999755859375
2019-08-21,1191.25,52.46867752075195,183.5500030517578
2019-08-22,1189.530029296875,52.42426300048828,182.0399932861328
2019-08-23,1151.2900390625,50.00118637084961,177.75
2019-08-26,1168.8900146484375,50.951171875,180.36000061035156
2019-08-27,1167.8399658203125,50.376243591308594,181.3000030517578
2019-08-28,1171.02001953125,50.714290618896484,181.75999450683594
2019-08-29,1192.8499755859375,51.572975158691406,185.57000732421875
2019-08-30,1188.0999755859375,51.50635528564453,185.6699981689453
2019-09-03,1168.3900146484375,50.75623321533203,182.38999938964844
2019-09-04,1181.4100341796875,51.61738967895508,187.13999938964844
2019-09-05,1211.3800048828125,52.62659454345703,190.89999389648438
2019-09-06,1204.9300537109375,52.62165832519531,187.49000549316406
2019-09-09,1204.4100341796875,52.84619903564453,188.75999450683594
2019-09-10,1206.0,53.4704704284668,186.1699981689453
2019-09-11,1220.1700439453125,55.170570373535156,188.49000549316406
2019-09-12,1234.25,55.04719543457031,187.47000122070312
2019-09-13,1239.56005859375,53.97630310058594,187.19000244140625
2019-09-16,1231.300048828125,54.26007080078125,186.22000122070312
2019-09-17,1229.1500244140625,54.45746994018555,188.0800018310547
2019-09-18,1232.4100341796875,54.96823501586914,188.13999938964844
2019-09-19,1238.7099609375,54.52162551879883,190.13999938964844
2019-09-20,1229.9300537109375,53.72462463378906,189.92999267578125
2019-09-23,1234.030029296875,53.96890640258789,186.82000732421875
2019-09-24,1218.760009765625,53.712284088134766,181.27999877929688
2019-09-25,1246.52001953125,54.53889846801758,182.8000030517578
2019-09-26,1241.3900146484375,54.25760269165039,180.11000061035156
2019-09-27,1225.0899658203125,53.993587493896484,177.10000610351562
2019-09-30,1219.0,55.264339447021484,178.0800018310547
2019-10-01,1205.0999755859375,55.417320251464844,175.80999755859375
2019-10-02,1176.6300048828125,54.02812576293945,174.60000610351562
2019-10-03,1187.8299560546875,54.48707962036133,179.3800048828125
2019-10-04,1209.0,56.01445388793945,180.4499969482422
2019-10-07,1207.6800537109375,56.02679443359375,179.67999267578125
2019-10-08,1189.1300048828125,55.37043762207031,177.75
2019-10-09,1202.31005859375,56.01939010620117,179.85000610351562
2019-10-10,1208.6700439453125,56.774444580078125,180.02999877929688
2019-10-11,1215.449951171875,58.2845458984375,184.19000244140625
2019-10-14,1217.1400146484375,58.200645446777344,183.27999877929688
2019-10-15,1243.010009765625,58.06494140625,188.88999938964844
2019-10-16,1243.6400146484375,57.830528259277344,189.5500030517578
2019-10-17,1253.0699462890625,58.0550651550293,190.38999938964844
2019-10-18,1245.489990234375,58.333900451660156,185.85000610351562
2019-10-21,1246.1500244140625,59.34556198120117,189.75999450683594
2019-10-22,1242.800048828125,59.20985794067383,182.33999633789062
2019-10-23,1259.1300048828125,60.0043830871582,186.14999389648438
2019-10-24,1260.989990234375,60.10308074951172,186.3800048828125
2019-10-25,1265.1300048828125,60.84333419799805,187.88999938964844
2019-10-28,1290.0,61.452796936035156,189.39999389648438
2019-10-29,1262.6199951171875,60.03152847290039,189.30999755859375
2019-10-30,1261.2900390625,60.02412414550781,188.25
2019-10-31,1260.1099853515625,61.38124084472656,191.64999389648438
2019-11-01,1273.739990234375,63.123294830322266,193.6199951171875
2019-11-04,1291.3699951171875,63.53782653808594,194.72000122070312
2019-11-05,1292.030029296875,63.446533203125,194.32000732421875
2019-11-06,1291.800048828125,63.47367477416992,191.5500030517578
2019-11-07,1308.8599853515625,64.20624542236328,190.4199981689453
2019-11-08,1311.3699951171875,64.3819580078125,190.83999633789062
2019-11-11,1299.18994140625,64.89179229736328,189.61000061035156
2019-11-12,1298.800048828125,64.83238220214844,194.47000122070312
2019-11-13,1298.0,65.4535903930664,193.19000244140625
2019-11-14,1311.4599609375,65.00069427490234,193.14999389648438
2019-11-15,1334.8699951171875,65.7728500366211,195.10000610351562
2019-11-18,1320.699951171875,66.1044921875,197.39999389648438
2019-11-19,1315.4599609375,65.90401458740234,199.32000732421875
2019-11-20,1303.050048828125,65.13680267333984,197.50999450683594
2019-11-21,1301.3499755859375,64.84477233886719,197.92999267578125
2019-11-22,1295.3399658203125,64.78783416748047,198.82000732421875
2019-11-25,1306.68994140625,65.92381286621094,199.7899932861328
2019-11-26,1313.550048828125,65.4090347290039,198.97000122070312
2019-11-27,1312.989990234375,66.28763580322266,202.0
2019-11-29,1304.9599609375,66.1416015625,201.63999938964844
2019-12-02,1289.9200439453125,65.37686920166016,199.6999969482422
2019-12-03,1295.280029296875,64.21118927001953,198.82000732421875
2019-12-04,1320.5400390625,64.77793884277344,198.7100067138672
2019-12-05,1328.1300048828125,65.7282943725586,199.36000061035156
2019-12-06,1340.6199951171875,66.9979248046875,201.0500030517578
2019-12-09,1343.56005859375,66.05994415283203,201.33999633789062
2019-12-10,1344.6600341796875,66.4460220336914,200.8699951171875
2019-12-11,1345.02001953125,67.01276397705078,202.25999450683594
2019-12-12,1350.27001953125,67.18354797363281,196.75
2019-12-13,1347.8299560546875,68.09677124023438,194.11000061035156
2019-12-16,1361.1700439453125,69.26245880126953,197.9199981689453
2019-12-17,1355.1199951171875,69.39857482910156,198.38999938964844
2019-12-18,1352.6199951171875,69.23274993896484,202.5
2019-12-19,1356.0400390625,69.30204772949219,206.05999755859375
2019-12-20,1349.5899658203125,69.15850830078125,206.3000030517578
2019-12-23,1348.8399658203125,70.28706359863281,206.17999267578125
2019-12-24,1343.56005859375,70.3538818359375,205.1199951171875
2019-12-26,1360.4000244140625,71.7497329711914,207.7899932861328
2019-12-27,1351.8900146484375,71.72248840332031,208.10000610351562
2019-12-30,1336.1400146484375,72.14817810058594,204.41000366210938
2019-12-31,1337.02001953125,72.67533874511719,205.25
2020-01-02,1367.3699951171875,74.33351135253906,209.77999877929688
2020-01-03,1360.6600341796875,73.61083984375,208.6699981689453
2020-01-06,1394.2099609375,74.19739532470703,212.60000610351562
2020-01-07,1393.3399658203125,73.84844207763672,213.05999755859375
2020-01-08,1404.3199462890625,75.03638458251953,215.22000122070312
2020-01-09,1419.8299560546875,76.63021850585938,218.3000030517578
2020-01-10,1429.72998046875,76.80345916748047,218.05999755859375
2020-01-13,1439.22998046875,78.44432067871094,221.91000366210938
2020-01-14,1430.8800048828125,77.38506317138672,219.05999755859375
2020-01-15,1439.199951171875,77.05342864990234,221.14999389648438
2020-01-16,1451.699951171875,78.01863098144531,221.77000427246094
2020-01-17,1480.3900146484375,78.88236999511719,222.13999938964844
2020-01-21,1484.4000244140625,78.3478012084961,221.44000244140625
2020-01-22,1485.949951171875,78.6274642944336,221.32000732421875
2020-01-23,1486.6500244140625,79.00611877441406,219.75999450683594
2020-01-24,1466.7099609375,78.77843475341797,217.94000244140625
2020-01-27,1433.9000244140625,76.46192932128906,214.8699951171875
2020-01-28,1452.56005859375,78.62499237060547,217.7899932861328
2020-01-29,1458.6300048828125,80.27079010009766,223.22999572753906
2020-01-30,1455.8399658203125,80.15447235107422,209.52999877929688
2020-01-31,1434.22998046875,76.60051727294922,201.91000366210938
2020-02-03,1485.93994140625,76.3901596069336,204.19000244140625
2020-02-04,1447.0699462890625,78.91207885742188,209.8300018310547
2020-02-05,1448.22998046875,79.55554962158203,210.11000061035156
2020-02-06,1476.22998046875,80.4861068725586,210.85000610351562
2020-02-07,1479.22998046875,79.39208984375,212.3300018310547
2020-02-10,1508.6800537109375,79.7691650390625,213.05999755859375
2020-02-11,1508.7900390625,79.28788757324219,207.19000244140625
2020-02-12,1518.27001953125,81.1707992553711,210.75999450683594
2020-02-13,1514.6600341796875,80.5927734375,213.13999938964844
2020-02-14,1520.739990234375,80.61262512207031,214.17999267578125
2020-02-18,1519.6700439453125,79.13656616210938,217.8000030517578
2020-02-19,1526.68994140625,80.28268432617188,217.49000549316406
2020-02-20,1518.1500244140625,79.45906829833984,214.5800018310547
2020-02-21,1485.1099853515625,77.66050720214844,210.17999267578125
2020-02-24,1421.5899658203125,73.97160339355469,200.72000122070312
2020-02-25,1388.449951171875,71.46601867675781,196.77000427246094
2020-02-26,1393.1800537109375,72.59973907470703,197.1999969482422
2020-02-27,1318.0899658203125,67.85401916503906,189.75
2020-02-28,1339.3299560546875,67.8143310546875,192.47000122070312
2020-03-02,1389.1099853515625,74.12789154052734,196.44000244140625
2020-03-03,1341.3900146484375,71.77363586425781,185.88999938964844
2020-03-04,1386.52001953125,75.10282897949219,191.75999450683594
2020-03-05,1319.0400390625,72.6667251586914,185.1699981689453
2020-03-06,1298.4100341796875,71.70170593261719,181.08999633789062
2020-03-09,1215.56005859375,66.03065490722656,169.5
2020-03-10,1280.3900146484375,70.78630065917969,178.19000244140625
2020-03-11,1215.4100341796875,68.3278579711914,170.24000549316406
2020-03-12,1114.9100341796875,61.58015823364258,154.47000122070312
2020-03-13,1219.72998046875,68.95796966552734,170.27999877929688
2020-03-16,1084.3299560546875,60.08673095703125,146.00999450683594
2020-03-17,1119.800048828125,62.72875213623047,149.4199981689453
2020-03-18,1096.800048828125,61.19315719604492,146.9600067138672
2020-03-19,1115.2900390625,60.72429275512695,153.1300048828125
2020-03-20,1072.3199462890625,56.869178771972656,149.72999572753906
2020-03-23,1056.6199951171875,55.661041259765625,148.10000610351562
2020-03-24,1134.4599609375,61.24525833129883,160.97999572753906
2020-03-25,1102.489990234375,60.90787124633789,156.2100067138672
2020-03-26,1161.75,64.11302947998047,163.33999633789062
2020-03-27,1110.7099609375,61.45860290527344,156.7899932861328
2020-03-30,1146.8199462890625,63.212501525878906,165.9499969482422
2020-03-31,1162.81005859375,63.08350372314453,166.8000030517578
2020-04-01,1105.6199951171875,59.76424026489258,159.60000610351562
2020-04-02,1120.8399658203125,60.76150131225586,158.19000244140625
2020-04-03,1097.8800048828125,59.888275146484375,154.17999267578125
2020-04-06,1186.9200439453125,65.1127700805664,165.5500030517578
2020-04-07,1186.510009765625,64.35862731933594,168.8300018310547
2020-04-08,1210.280029296875,66.00585174560547,174.27999877929688
2020-04-09,1211.449951171875,66.4821548461914,175.19000244140625
2020-04-13,1217.56005859375,67.78704071044922,174.7899932861328
2020-04-14,1269.22998046875,71.21049499511719,178.1699981689453
2020-04-15,1262.469970703125,70.56053924560547,176.97000122070312
2020-04-16,1263.469970703125,71.12120056152344,176.25
2020-04-17,1283.25,70.15617370605469,179.24000549316406
2020-04-20,1266.6099853515625,68.6999740600586,178.24000549316406
2020-04-21,1216.3399658203125,66.57642364501953,170.8000030517578
2020-04-22,1263.2099609375,68.49406433105469,182.27999877929688
2020-04-23,1276.31005859375,68.22862243652344,185.1300048828125
2020-04-24,1279.31005859375,70.19834899902344,190.07000732421875
2020-04-27,1275.8800048828125,70.24797058105469,187.5
2020-04-28,1233.6700439453125,69.10929870605469,182.91000366210938
2020-04-29,1341.47998046875,71.37919616699219,194.19000244140625
2020-04-30,1348.6600341796875,72.88502502441406,204.7100067138672
2020-05-01,1320.6099853515625,71.71163177490234,202.27000427246094
2020-05-04,1326.800048828125,72.72626495361328,205.25999450683594
2020-05-05,1351.1099853515625,73.81780242919922,207.07000732421875
2020-05-06,1347.300048828125,74.57939147949219,208.47000122070312
2020-05-07,1372.56005859375,75.35091400146484,211.25999450683594
2020-05-08,1388.3699951171875,77.14439392089844,212.35000610351562
2020-05-11,1403.260009765625,78.35828399658203,213.17999267578125
2020-05-12,1375.739990234375,77.4627914428711,210.10000610351562
2020-05-13,1349.3299560546875,76.52749633789062,205.10000610351562
2020-05-14,1356.1300048828125,76.99763488769531,206.80999755859375
2020-05-15,1373.18994140625,76.54241180419922,210.8800048828125
2020-05-18,1383.93994140625,78.3458480834961,213.19000244140625
2020-05-19,1373.4849853515625,77.89312744140625,216.8800048828125
2020-05-20,1406.719970703125,79.40800476074219,229.97000122070312
2020-05-21,1402.800048828125,78.81597900390625,231.38999938964844
2020-05-22,1410.4200439453125,79.32343292236328,234.91000366210938
2020-05-26,1417.02001953125,78.7861328125,232.1999969482422
2020-05-27,1417.8399658203125,79.12940216064453,229.13999938964844
2020-05-28,1416.72998046875,79.16423034667969,225.4600067138672
2020-05-29,1428.9200439453125,79.08712005615234,225.08999633789062
2020-06-01,1431.8199462890625,80.05972290039062,231.91000366210938
2020-06-02,1439.219970703125,80.43035125732422,232.72000122070312
2020-06-03,1436.3800048828125,80.87313079833984,230.16000366210938
2020-06-04,1412.1800537109375,80.1766357421875,226.2899932861328
2020-06-05,1438.3900146484375,82.46015167236328,230.77000427246094
2020-06-08,1446.6099853515625,82.94768524169922,231.39999389648438
2020-06-09,1456.1600341796875,85.56700897216797,238.6699981689453
2020-06-10,1465.8499755859375,87.76844024658203,236.72999572753906
2020-06-11,1403.8399658203125,83.55464172363281,224.42999267578125
2020-06-12,1413.1800537109375,84.27600860595703,228.5800018310547
2020-06-15,1419.8499755859375,85.3182601928711,232.5
2020-06-16,1442.719970703125,87.57939147949219,235.64999389648438
2020-06-17,1451.1199951171875,87.45750427246094,235.52999877929688
2020-06-18,1435.9599609375,87.4923324584961,235.94000244140625
2020-06-19,1431.719970703125,86.99234771728516,238.7899932861328
2020-06-22,1451.8599853515625,89.26839447021484,239.22000122070312
2020-06-23,1464.4100341796875,91.1738052368164,242.24000549316406
2020-06-24,1431.969970703125,89.56440734863281,234.02000427246094
2020-06-25,1441.3299560546875,90.75342559814453,235.67999267578125
2020-06-26,1359.9000244140625,87.96495056152344,216.0800018310547
2020-06-29,1394.969970703125,89.99225616455078,220.63999938964844
2020-06-30,1413.6099853515625,90.74346923828125,227.07000732421875
2020-07-01,1438.0400390625,90.57183837890625,237.5500030517578
2020-07-02,1464.699951171875,90.57183837890625,233.4199981689453
2020-07-06,1495.699951171875,92.9946517944336,240.27999877929688
2020-07-07,1485.1800537109375,92.70609283447266,240.86000061035156
2020-07-08,1496.0,94.865234375,243.5800018310547
2020-07-09,1510.989990234375,95.273193359375,244.5
2020-07-10,1541.739990234375,95.4398422241211,245.07000732421875
2020-07-13,1511.3399658203125,94.99955749511719,239.0
2020-07-14,1520.5799560546875,96.5716552734375,239.72999572753906
2020-07-15,1513.6400146484375,97.23580932617188,240.27999877929688
2020-07-16,1518.0,96.0393295288086,240.92999267578125
2020-07-17,1515.550048828125,95.84529876708984,242.02999877929688
2020-07-20,1565.719970703125,97.86514282226562,245.4199981689453
2020-07-21,1558.4200439453125,96.51444244384766,241.75
2020-07-22,1568.489990234375,96.78556823730469,239.8699951171875
2020-07-23,1515.6800537109375,92.38023376464844,232.60000610351562
2020-07-24,1511.8699951171875,92.15138244628906,230.7100067138672
2020-07-27,1530.199951171875,94.33539581298828,233.5
2020-07-28,1500.3399658203125,92.78570556640625,230.1199951171875
2020-07-29,1522.02001953125,94.56424713134766,233.2899932861328
2020-07-30,1531.449951171875,95.70849609375,234.5
2020-07-31,1482.9599609375,105.72808837890625,253.6699981689453
2020-08-03,1474.449951171875,108.39218139648438,251.9600067138672
2020-08-04,1464.969970703125,109.11604309082031,249.8300018310547
2020-08-05,1473.6099853515625,109.51155090332031,249.1199951171875
2020-08-06,1500.0999755859375,113.33232879638672,265.2799987792969
2020-08-07,1494.489990234375,110.7556381225586,268.44000244140625
2020-08-10,1496.0999755859375,112.36544799804688,263.0
2020-08-11,1480.3199462890625,109.0237045288086,256.1300048828125
2020-08-12,1506.6199951171875,112.64704132080078,259.8900146484375
2020-08-13,1518.449951171875,114.64060974121094,261.29998779296875
2020-08-14,1507.72998046875,114.53844451904297,261.239990234375
2020-08-17,1517.97998046875,114.2394027709961,261.1600036621094
2020-08-18,1558.5999755859375,115.19133758544922,262.3399963378906
2020-08-19,1547.530029296875,115.33586883544922,262.5899963378906
2020-08-20,1581.75,117.89512634277344,269.010009765625
2020-08-21,1580.4200439453125,123.97055053710938,267.010009765625
2020-08-24,1588.199951171875,125.4532699584961,271.3900146484375
2020-08-25,1608.219970703125,124.42408752441406,280.82000732421875
2020-08-26,1652.3800048828125,126.11613464355469,303.9100036621094
2020-08-27,1634.3299560546875,124.6084976196289,293.2200012207031
2020-08-28,1644.4100341796875,124.40664672851562,293.6600036621094
2020-08-31,1634.1800537109375,128.62554931640625,293.20001220703125
2020-09-01,1660.7099609375,133.74903869628906,295.44000244140625
2020-09-02,1728.280029296875,130.97796630859375,302.5
2020-09-03,1641.8399658203125,120.49175262451172,291.1199951171875
2020-09-04,1591.0400390625,120.57150268554688,282.7300109863281
2020-09-08,1532.3900146484375,112.45764923095703,271.1600036621094
2020-09-09,1556.9599609375,116.94319152832031,273.7200012207031
2020-09-10,1532.02001953125,113.12549591064453,268.0899963378906
2020-09-11,1520.719970703125,111.6402816772461,266.6099853515625
2020-09-14,1519.280029296875,114.98948669433594,266.1499938964844
2020-09-15,1541.43994140625,115.16891479492188,272.4200134277344
2020-09-16,1520.9000244140625,111.76985931396484,263.5199890136719
2020-09-17,1495.530029296875,109.98561096191406,254.82000732421875
2020-09-18,1459.989990234375,106.4968490600586,252.52999877929688
2020-09-21,1431.1600341796875,109.72644805908203,248.14999389648438
2020-09-22,1465.4599609375,111.45088195800781,254.75
2020-09-23,1415.2099609375,106.77596282958984,249.02000427246094
2020-09-24,1428.2900390625,107.87242126464844,249.52999877929688
2020-09-25,1444.9599609375,111.91937255859375,254.82000732421875
2020-09-28,1464.52001953125,114.59076690673828,256.82000732421875
2020-09-29,1469.3299560546875,113.72356414794922,261.7900085449219
2020-09-30,1469.5999755859375,115.43804168701172,261.8999938964844
2020-10-01,1490.0899658203125,116.4148941040039,266.6300048828125
2020-10-02,1458.4200439453125,112.6570053100586,259.94000244140625
2020-10-05,1486.02001953125,116.12582397460938,264.6499938964844
2020-10-06,1453.43994140625,112.79655456542969,258.6600036621094
2020-10-07,1460.2900390625,114.71038818359375,258.1199951171875
2020-10-08,1485.9300537109375,114.60073852539062,263.760009765625
2020-10-09,1515.219970703125,116.59431457519531,264.45001220703125
2020-10-12,1569.1500244140625,124.00045776367188,275.75
2020-10-13,1571.6800537109375,120.71104431152344,276.1400146484375
2020-10-14,1568.0799560546875,120.80076599121094,271.82000732421875
2020-10-15,1559.1300048828125,120.32230377197266,266.7200012207031
2020-10-16,1573.010009765625,118.63772583007812,265.92999267578125
2020-10-19,1534.6099853515625,115.60749816894531,261.3999938964844
2020-10-20,1555.9300537109375,117.1325912475586,267.55999755859375
2020-10-21,1593.31005859375,116.49464416503906,278.7300109863281
2020-10-22,1615.3299560546875,115.37823486328125,278.1199951171875
2020-10-23,1641.0,114.67051696777344,284.7900085449219
2020-10-26,1590.449951171875,114.68048858642578,277.1099853515625
2020-10-27,1604.260009765625,116.22550964355469,283.2900085449219
2020-10-28,1516.6199951171875,110.84284973144531,267.6700134277344
2020-10-29,1567.239990234375,114.94961547851562,280.8299865722656
2020-10-30,1621.010009765625,108.51036071777344,263.1099853515625
2020-11-02,1626.030029296875,108.420654296875,261.3599853515625
2020-11-03,1650.2099609375,110.08528900146484,265.29998779296875
2020-11-04,1749.1300048828125,114.58080291748047,287.3800048828125
2020-11-05,1763.3699951171875,118.64769744873047,294.67999267578125
2020-11-06,1761.75,118.51290893554688,293.4100036621094
2020-11-09,1763.0,116.14643859863281,278.7699890136719
2020-11-10,1740.3900146484375,115.79696655273438,272.42999267578125
2020-11-11,1752.7099609375,119.31170654296875,276.4800109863281
2020-11-12,1749.8399658203125,119.0321273803711,275.0799865722656
2020-11-13,1777.02001953125,119.0820541381836,276.95001220703125
2020-11-16,1781.3800048828125,120.1205062866211,278.9599914550781
2020-11-17,1770.1500244140625,119.21186065673828,275.0
2020-11-18,1746.780029296875,117.85388946533203,271.9700012207031
2020-11-19,1763.9200439453125,118.46298217773438,272.94000244140625
2020-11-20,1742.18994140625,117.1649169921875,269.70001220703125
2020-11-23,1734.8599853515625,113.68012237548828,268.42999267578125
2020-11-24,1768.8800048828125,114.99815368652344,276.9200134277344
2020-11-25,1771.4300537109375,115.85687255859375,275.5899963378906
2020-11-27,1793.18994140625,116.41603088378906,277.80999755859375
2020-11-30,1760.739990234375,118.87236785888672,276.9700012207031
2020-12-01,1798.0999755859375,122.53689575195312,286.54998779296875
2020-12-02,1827.949951171875,122.89635467529297,287.5199890136719
2020-12-03,1826.77001953125,122.7565689086914,281.8500061035156
2020-12-04,1827.989990234375,122.06759643554688,279.70001220703125
2020-12-07,1819.47998046875,123.56535339355469,285.5799865722656
2020-12-08,1818.550048828125,124.19441223144531,283.3999938964844
2020-12-09,1784.1300048828125,121.5982894897461,277.9200134277344
2020-12-10,1775.3299560546875,123.05611419677734,277.1199951171875
2020-12-11,1781.77001953125,122.22735595703125,273.54998779296875
2020-12-14,1760.06005859375,121.5982894897461,274.19000244140625
2020-12-15,1767.77001953125,127.6891860961914,275.54998779296875
2020-12-16,1763.0,127.61929321289062,275.6700134277344
2020-12-17,1747.9000244140625,128.50796508789062,274.4800109863281
2020-12-18,1731.010009765625,126.47101593017578,276.3999938964844
2020-12-21,1739.3699951171875,128.03866577148438,272.7900085449219
2020-12-22,1723.5,131.6832275390625,267.0899963378906
2020-12-23,1732.3800048828125,130.7646026611328,268.1099853515625
2020-12-24,1738.8499755859375,131.77308654785156,267.3999938964844
2020-12-28,1776.0899658203125,136.48605346679688,277.0
2020-12-29,1758.719970703125,134.66876220703125,276.7799987792969
2020-12-30,1739.52001953125,133.52047729492188,271.8699951171875
2020-12-31,1751.8800048828125,132.4920196533203,273.1600036621094
2021-01-04,1728.239990234375,129.2169189453125,268.94000244140625
2021-01-05,1740.9200439453125,130.81451416015625,270.9700012207031
2021-01-06,1735.2900390625,126.41110229492188,263.30999755859375
2021-01-07,1787.25,130.7246551513672,268.739990234375
2021-01-08,1807.2099609375,131.85296630859375,267.57000732421875
2021-01-11,1766.719970703125,128.7875518798828,256.8399963378906
2021-01-12,1746.550048828125,128.60781860351562,251.08999633789062
2021-01-13,1754.4000244140625,130.6947021484375,251.63999938964844
2021-01-14,1740.1800537109375,128.71766662597656,245.63999938964844
2021-01-15,1736.18994140625,126.9502944946289,251.36000061035156
2021-01-19,1790.8599853515625,127.63926696777344,261.1000061035156
2021-01-20,1886.9000244140625,131.83299255371094,267.4800109863281
2021-01-21,1891.25,136.665771484375,272.8699951171875
2021-01-22,1901.050048828125,138.8625030517578,274.5
2021-01-25,1899.4000244140625,142.70675659179688,278.010009765625
2021-01-26,1917.239990234375,142.94639587402344,282.04998779296875
2021-01-27,1830.7900390625,141.84803771972656,272.1400146484375
2021-01-28,1863.1099853515625,136.8854522705078,265.0
2021-01-29,1835.739990234375,131.7631072998047,258.3299865722656
2021-02-01,1901.3499755859375,133.93984985351562,262.010009765625
2021-02-02,1927.510009765625,134.78858947753906,267.0799865722656
2021-02-03,2070.070068359375,133.7401580810547,266.6499938964844
2021-02-04,2062.3701171875,137.18499755859375,266.489990234375
2021-02-05,2098.0,136.75999450683594,268.1000061035156
2021-02-08,2092.909912109375,136.91000366210938,266.5799865722656
2021-02-09,2083.510009765625,136.00999450683594,269.45001220703125
2021-02-10,2095.3798828125,135.38999938964844,271.8699951171875
2021-02-11,2095.889892578125,135.1300048828125,270.3900146484375
2021-02-12,2104.110107421875,135.3699951171875,270.5
2021-02-16,2121.89990234375,133.19000244140625,273.9700012207031
2021-02-17,2128.31005859375,130.83999633789062,273.57000732421875
2021-02-18,2117.199951171875,129.7100067138672,269.3900146484375
2021-02-19,2101.139892578125,129.8699951171875,261.55999755859375
2021-02-22,2064.8798828125,126.0,260.3299865722656
2021-02-23,2070.860107421875,125.86000061035156,265.8599853515625
2021-02-24,2095.169921875,125.3499984741211,264.30999755859375
2021-02-25,2031.3599853515625,120.98999786376953,254.69000244140625
2021-02-26,2036.8599853515625,121.26000213623047,257.6199951171875
2021-03-01,2081.510009765625,127.79000091552734,264.9100036621094
2021-03-02,2075.840087890625,125.12000274658203,259.0
2021-03-03,2026.7099609375,122.05999755859375,255.41000366210938
2021-03-04,2049.090087890625,120.12999725341797,257.6400146484375
2021-03-05,2108.5400390625,121.41999816894531,264.2799987792969
2021-03-08,2024.1700439453125,116.36000061035156,255.30999755859375
2021-03-09,2052.699951171875,121.08999633789062,265.739990234375
2021-03-10,2055.030029296875,119.9800033569336,264.8999938964844
2021-03-11,2114.77001953125,121.95999908447266,273.8800048828125
2021-03-12,2061.919921875,121.02999877929688,268.3999938964844
2021-03-15,2066.489990234375,123.98999786376953,273.75
2021-03-16,2092.52001953125,125.56999969482422,279.2799987792969
2021-03-17,2091.080078125,124.76000213623047,284.010009765625
2021-03-18,2036.219970703125,120.52999877929688,278.6199951171875
2021-03-19,2043.199951171875,119.98999786376953,290.1099853515625
2021-03-22,2038.5899658203125,123.38999938964844,293.5400085449219
2021-03-23,2052.9599609375,122.54000091552734,290.6300048828125
2021-03-24,2045.06005859375,120.08999633789062,282.1400146484375
2021-03-25,2044.3599853515625,120.58999633789062,278.739990234375
2021-03-26,2035.550048828125,121.20999908447266,283.0199890136719
2021-03-29,2055.949951171875,121.38999938964844,290.82000732421875
2021-03-30,2055.5400390625,119.9000015258789,288.0
2021-03-31,2068.6298828125,122.1500015258789,294.5299987792969
2021-04-01,2137.75,123.0,298.6600036621094
2021-04-05,2225.550048828125,125.9000015258789,308.9100036621094
2021-04-06,2224.75,126.20999908447266,306.260009765625
2021-04-07,2249.679931640625,127.9000015258789,313.0899963378906
2021-04-08,2265.43994140625,130.36000061035156,313.0199890136719
2021-04-09,2285.8798828125,133.0,312.4599914550781
2021-04-12,2254.7900390625,131.24000549316406,311.5400085449219
2021-04-13,2267.27001953125,134.42999267578125,309.760009765625
2021-04-14,2254.840087890625,132.02999877929688,302.82000732421875
2021-04-15,2296.659912109375,134.5,307.82000732421875
2021-04-16,2297.760009765625,134.16000366210938,306.17999267578125
2021-04-19,2303.85009765625,134.60000610351562,302.3900146484375
